Workbook

Sheet Cover
B5: Cybersecurity GRC | K5: PROFILE QR
B8: A practical GRC workbook covering frameworks, compliance assessments, evidence, risks, audit findings, corrective actions, and executive analytics.
B11: Prepard by Mohammed Nawaf
B13: Information Systems & Cybersecurity
K15: Scan the QR code to open the profile
B21: CONTACT | K21: WORKBOOK HIGHLIGHTS
B22: Email | D22: mbnq1@outlook.com | K22: 30+ structured worksheets
K23: Integrated registers and traceability
B24: LinkedIn | D24: linkedin.com/in/mbnq | K24: Analytics and KPI views
K25: Human-friendly navigation
B26: GitHub | D26: github.com/mbnq11
B28: Location | D28: Saudi Arabia
B31: QUICK ACCESS
B33: Executive Dashboard | G33: Index / Table of Contents | L33: Framework Navigator
B37: Compliance Analytics | G37: Risk Analytics | L37: Operations Analytics
B41: Evidence Register | G41: Risk Register | L41: Audit Findings
B46: You may use and share this material, but you may not alter attribution, resell it, or claim it as your own without permission.

Sheet Index
B2: INDEX / TABLE OF CONTENTS
B5: Use this page as the main navigation hub. Click any worksheet name or OPEN button to jump directly to that section.
B8: Cover | D8: Dashboard | F8: Analytics
B11: # | C11: Worksheet | D11: Section | E11: Purpose | F11: Open
B12: 1 | C12: Cover | D12: Overview | E12: Personal landing page with identity, contact details, QR, and quick access. | F12: OPEN
B13: 2 | C13: Index | D13: Overview | E13: Master navigation page for all worksheets. | F13: OPEN
B14: 3 | C14: Framework Library | D14: Core Registers | E14: List of frameworks and basic applicability attributes. | F14: OPEN
B15: 4 | C15: Regulatory Register | D15: Core Registers | E15: Tracked obligations and references. | F15: OPEN
B16: 5 | C16: Control Library | D16: Core Registers | E16: Master list of controls. | F16: OPEN
B17: 6 | C17: Assessments | D17: Core Registers | E17: Assessment records and statuses. | F17: OPEN
B18: 7 | C18: Evidence Register | D18: Core Registers | E18: Evidence references and validation status. | F18: OPEN
B19: 8 | C19: Risk Register | D19: Core Registers | E19: Identified risks with ratings. | F19: OPEN
B20: 9 | C20: Risk Treatments | D20: Core Registers | E20: Planned response and treatment activities. | F20: OPEN
B21: 10 | C21: Audit Findings | D21: Core Registers | E21: Findings, severities, owners, and status. | F21: OPEN
B22: 11 | C22: Corrective Actions | D22: Core Registers | E22: Action tracking and due dates. | F22: OPEN
B23: 12 | C23: Compliance Exceptions | D23: Core Registers | E23: Exception records and expiry monitoring. | F23: OPEN
... B43: 32 | C43: Live KPI Overview | D43: Overview | E43: Live KPI summary tied to source data. | F43: OPEN
B45: Note: This workbook is presentation-ready and navigation-enhanced. For full operational adoption, you may still need organization-specific data completion and governance approval.

Sheet Framework Library
A1: Framework ID | B1: Framework | C1: Authority | D1: Jurisdiction | E1: Version | F1: Official Source URL | G1: Applicability | H1: Verification Status | I1: Last Verified | J1: Owner | K1: Framework Group | X1: Cover | Y1: Index | Z1: Dashboard | AA1: Analytics
A2: NCA-ECC | B2: Essential Cybersecurity Controls | C2: NCA | D2: Saudi Arabia | F2: https://nca.gov.sa | G2: Pending decision | H2: Unverified | K2: Saudi / NCA
A3: NCA-CSCC | B3: Critical Systems Cybersecurity Controls | C3: NCA | D3: Saudi Arabia | F3: https://nca.gov.sa | G3: Pending decision | H3: Unverified | K3: Saudi / NCA
A4: NCA-CCC | B4: Cloud Cybersecurity Controls | C4: NCA | D4: Saudi Arabia | F4: https://nca.gov.sa | G4: Pending decision | H4: Unverified | K4: Saudi / NCA
A5: PDPL | B5: Personal Data Protection Law | C5: Saudi authorities | D5: Saudi Arabia | F5: https://sdaia.gov.sa | G5: Pending legal review | H5: Unverified | K5: Saudi / Privacy
A6: SAMA-CSF | B6: Cyber Security Framework | C6: SAMA | D6: Saudi Arabia | F6: https://www.sama.gov.sa | G6: Sector-specific | H6: Unverified | K6: International / ISO
A7: ISO27001 | B7: ISO/IEC 27001 | C7: ISO | D7: International | E7: 2022 | F7: https://www.iso.org | G7: Certification / voluntary | H7: Unverified | K7: International / NIST
A8: NIST-CSF | B8: NIST Cybersecurity Framework | C8: NIST | D8: International | E8: 2.0 | F8: https://www.nist.gov/cyberframework | G8: Voluntary / contractual | H8: Unverified | K8: International / CIS
A9: CIS | B9: CIS Critical Security Controls | C9: CIS | D9: International | F9: https://www.cisecurity.org | G9: Voluntary / contractual | H9: Unverified | K9: International / Other

Sheet Regulatory Register
A1: Obligation ID | B1: Framework ID | C1: Requirement Summary | D1: Applicable? | E1: Decision Rationale | F1: Owner | G1: Review Date | H1: Status | X1: Cover | Y1: Index | Z1: Dashboard | AA1: Analytics

Sheet Control Library
A1: Control ID | B1: Framework ID | C1: Original Reference | D1: Control Title | E1: Domain | F1: Owner | G1: Applicability | H1: Implementation Status | I1: Assessment Frequency | J1: Required Evidence | X1: Cover | Y1: Index | Z1: Dashboard | AA1: Analytics

Sheet Assessments
A1: Assessment ID | B1: Control ID | C1: Period | D1: Assessor | E1: Result | F1: Evidence ID | G1: Assessment Date | H1: Notes | X1: Cover | Y1: Index | Z1: Dashboard | AA1: Analytics

Sheet Evidence Register
A1: Evidence ID | B1: Control ID | C1: Reference Location | D1: Owner | E1: Classification | F1: Collected Date | G1: Expiry Date | H1: Review Status | I1: Validity | X1: Cover | Y1: Index | Z1: Dashboard | AA1: Analytics
I2: =IF(G2="","Not Verified",IF(G2<TODAY(),"Expired",IF(H2="Verified","Current & Verified","Pending Review"))) -> Not Verified
I3: =IF(G3="","Not Verified",IF(G3<TODAY(),"Expired",IF(H3="Verified","Current & Verified","Pending Review"))) -> Not Verified
I4: =IF(G4="","Not Verified",IF(G4<TODAY(),"Expired",IF(H4="Verified","Current & Verified","Pending Review"))) -> Not Verified
I5: =IF(G5="","Not Verified",IF(G5<TODAY(),"Expired",IF(H5="Verified","Current & Verified","Pending Review"))) -> Not Verified
I6: =IF(G6="","Not Verified",IF(G6<TODAY(),"Expired",IF(H6="Verified","Current & Verified","Pending Review"))) -> Not Verified
I7: =IF(G7="","Not Verified",IF(G7<TODAY(),"Expired",IF(H7="Verified","Current & Verified","Pending Review"))) -> Not Verified
I8: =IF(G8="","Not Verified",IF(G8<TODAY(),"Expired",IF(H8="Verified","Current & Verified","Pending Review"))) -> Not Verified
I9: =IF(G9="","Not Verified",IF(G9<TODAY(),"Expired",IF(H9="Verified","Current & Verified","Pending Review"))) -> Not Verified
I10: =IF(G10="","Not Verified",IF(G10<TODAY(),"Expired",IF(H10="Verified","Current & Verified","Pending Review"))) -> Not Verified
I11: =IF(G11="","Not Verified",IF(G11<TODAY(),"Expired",IF(H11="Verified","Current & Verified","Pending Review"))) -> Not Verified
I12: =IF(G12="","Not Verified",IF(G12<TODAY(),"Expired",IF(H12="Verified","Current & Verified","Pending Review"))) -> Not Verified
I13: =IF(G13="","Not Verified",IF(G13<TODAY(),"Expired",IF(H13="Verified","Current & Verified","Pending Review"))) -> Not Verified
... I121: =IF(G121="","Not Verified",IF(G121<TODAY(),"Expired",IF(H121="Verified","Current & Verified","Pending Review"))) -> Not Verified

Sheet Risk Register
A1: Risk ID | B1: Risk Description | C1: Category | D1: Owner | E1: Inherent Likelihood | F1: Inherent Impact | G1: Inherent Score | H1: Residual Likelihood | I1: Residual Impact | J1: Residual Score | K1: Residual Rating | L1: Treatment | M1: Review Date | X1: Cover | Y1: Index | Z1: Dashboard | AA1: Analytics
G2: =IF(OR(E2="",F2=""),"",E2*F2) | J2: =IF(OR(H2="",I2=""),"",H2*I2) | K2: =IF(J2="","",IF(J2<=4,"Low",IF(J2<=9,"Moderate",IF(J2<=16,"High","Critical"))))
G3: =IF(OR(E3="",F3=""),"",E3*F3) | J3: =IF(OR(H3="",I3=""),"",H3*I3) | K3: =IF(J3="","",IF(J3<=4,"Low",IF(J3<=9,"Moderate",IF(J3<=16,"High","Critical"))))
G4: =IF(OR(E4="",F4=""),"",E4*F4) | J4: =IF(OR(H4="",I4=""),"",H4*I4) | K4: =IF(J4="","",IF(J4<=4,"Low",IF(J4<=9,"Moderate",IF(J4<=16,"High","Critical"))))
G5: =IF(OR(E5="",F5=""),"",E5*F5) | J5: =IF(OR(H5="",I5=""),"",H5*I5) | K5: =IF(J5="","",IF(J5<=4,"Low",IF(J5<=9,"Moderate",IF(J5<=16,"High","Critical"))))
G6: =IF(OR(E6="",F6=""),"",E6*F6) | J6: =IF(OR(H6="",I6=""),"",H6*I6) | K6: =IF(J6="","",IF(J6<=4,"Low",IF(J6<=9,"Moderate",IF(J6<=16,"High","Critical"))))
G7: =IF(OR(E7="",F7=""),"",E7*F7) | J7: =IF(OR(H7="",I7=""),"",H7*I7) | K7: =IF(J7="","",IF(J7<=4,"Low",IF(J7<=9,"Moderate",IF(J7<=16,"High","Critical"))))
G8: =IF(OR(E8="",F8=""),"",E8*F8) | J8: =IF(OR(H8="",I8=""),"",H8*I8) | K8: =IF(J8="","",IF(J8<=4,"Low",IF(J8<=9,"Moderate",IF(J8<=16,"High","Critical"))))
G9: =IF(OR(E9="",F9=""),"",E9*F9) | J9: =IF(OR(H9="",I9=""),"",H9*I9) | K9: =IF(J9="","",IF(J9<=4,"Low",IF(J9<=9,"Moderate",IF(J9<=16,"High","Critical"))))
G10: =IF(OR(E10="",F10=""),"",E10*F10) | J10: =IF(OR(H10="",I10=""),"",H10*I10) | K10: =IF(J10="","",IF(J10<=4,"Low",IF(J10<=9,"Moderate",IF(J10<=16,"High","Critical"))))
G11: =IF(OR(E11="",F11=""),"",E11*F11) | J11: =IF(OR(H11="",I11=""),"",H11*I11) | K11: =IF(J11="","",IF(J11<=4,"Low",IF(J11<=9,"Moderate",IF(J11<=16,"High","Critical"))))
G12: =IF(OR(E12="",F12=""),"",E12*F12) | J12: =IF(OR(H12="",I12=""),"",H12*I12) | K12: =IF(J12="","",IF(J12<=4,"Low",IF(J12<=9,"Moderate",IF(J12<=16,"High","Critical"))))
G13: =IF(OR(E13="",F13=""),"",E13*F13) | J13: =IF(OR(H13="",I13=""),"",H13*I13) | K13: =IF(J13="","",IF(J13<=4,"Low",IF(J13<=9,"Moderate",IF(J13<=16,"High","Critical"))))
... G121: =IF(OR(E121="",F121=""),"",E121*F121) | J121: =IF(OR(H121="",I121=""),"",H121*I121) | K121: =IF(J121="","",IF(J121<=4,"Low",IF(J121<=9,"Moderate",IF(J121<=16,"High","Critical"))))

Sheet Risk Treatments
A1: Treatment ID | B1: Risk ID | C1: Treatment Choice | D1: Owner | E1: Due Date | F1: Status | G1: Evidence ID | H1: Validation | X1: Cover | Y1: Index | Z1: Dashboard | AA1: Analytics

Sheet Audit Findings
A1: Finding ID | B1: Audit ID | C1: Control ID | D1: Condition | E1: Root Cause | F1: Severity | G1: Owner | H1: Due Date | I1: Status | J1: Validation | K1: Days Overdue | X1: Cover | Y1: Index | Z1: Dashboard | AA1: Analytics
K2: =IF(OR(H2="",I2="Closed",I2="Validated"),"",MAX(0,TODAY()-H2))
K3: =IF(OR(H3="",I3="Closed",I3="Validated"),"",MAX(0,TODAY()-H3))
K4: =IF(OR(H4="",I4="Closed",I4="Validated"),"",MAX(0,TODAY()-H4))
K5: =IF(OR(H5="",I5="Closed",I5="Validated"),"",MAX(0,TODAY()-H5))
K6: =IF(OR(H6="",I6="Closed",I6="Validated"),"",MAX(0,TODAY()-H6))
K7: =IF(OR(H7="",I7="Closed",I7="Validated"),"",MAX(0,TODAY()-H7))
K8: =IF(OR(H8="",I8="Closed",I8="Validated"),"",MAX(0,TODAY()-H8))
K9: =IF(OR(H9="",I9="Closed",I9="Validated"),"",MAX(0,TODAY()-H9))
K10: =IF(OR(H10="",I10="Closed",I10="Validated"),"",MAX(0,TODAY()-H10))
K11: =IF(OR(H11="",I11="Closed",I11="Validated"),"",MAX(0,TODAY()-H11))
K12: =IF(OR(H12="",I12="Closed",I12="Validated"),"",MAX(0,TODAY()-H12))
K13: =IF(OR(H13="",I13="Closed",I13="Validated"),"",MAX(0,TODAY()-H13))
... K121: =IF(OR(H121="",I121="Closed",I121="Validated"),"",MAX(0,TODAY()-H121))

Sheet Corrective Actions
A1: Action ID | B1: Finding ID | C1: Risk ID | D1: Action Description | E1: Owner | F1: Due Date | G1: Status | H1: Evidence ID | I1: Validation | J1: Days Overdue | X1: Cover | Y1: Index | Z1: Dashboard | AA1: Analytics
J2: =IF(OR(F2="",G2="Closed",G2="Validated"),"",MAX(0,TODAY()-F2))
J3: =IF(OR(F3="",G3="Closed",G3="Validated"),"",MAX(0,TODAY()-F3))
J4: =IF(OR(F4="",G4="Closed",G4="Validated"),"",MAX(0,TODAY()-F4))
J5: =IF(OR(F5="",G5="Closed",G5="Validated"),"",MAX(0,TODAY()-F5))
J6: =IF(OR(F6="",G6="Closed",G6="Validated"),"",MAX(0,TODAY()-F6))
J7: =IF(OR(F7="",G7="Closed",G7="Validated"),"",MAX(0,TODAY()-F7))
J8: =IF(OR(F8="",G8="Closed",G8="Validated"),"",MAX(0,TODAY()-F8))
J9: =IF(OR(F9="",G9="Closed",G9="Validated"),"",MAX(0,TODAY()-F9))
J10: =IF(OR(F10="",G10="Closed",G10="Validated"),"",MAX(0,TODAY()-F10))
J11: =IF(OR(F11="",G11="Closed",G11="Validated"),"",MAX(0,TODAY()-F11))
J12: =IF(OR(F12="",G12="Closed",G12="Validated"),"",MAX(0,TODAY()-F12))
J13: =IF(OR(F13="",G13="Closed",G13="Validated"),"",MAX(0,TODAY()-F13))
... J121: =IF(OR(F121="",G121="Closed",G121="Validated"),"",MAX(0,TODAY()-F121))

Sheet Compliance Exceptions
A1: Exception ID | B1: Control ID | C1: Rationale | D1: Approver | E1: Expiration Date | F1: Status | G1: Expiry Alert | X1: Cover | Y1: Index | Z1: Dashboard | AA1: Analytics
G2: =IF(E2="","",IF(AND(E2<TODAY(),F2<>"Closed"),"EXPIRED","Current"))
G3: =IF(E3="","",IF(AND(E3<TODAY(),F3<>"Closed"),"EXPIRED","Current"))
G4: =IF(E4="","",IF(AND(E4<TODAY(),F4<>"Closed"),"EXPIRED","Current"))
G5: =IF(E5="","",IF(AND(E5<TODAY(),F5<>"Closed"),"EXPIRED","Current"))
G6: =IF(E6="","",IF(AND(E6<TODAY(),F6<>"Closed"),"EXPIRED","Current"))
G7: =IF(E7="","",IF(AND(E7<TODAY(),F7<>"Closed"),"EXPIRED","Current"))
G8: =IF(E8="","",IF(AND(E8<TODAY(),F8<>"Closed"),"EXPIRED","Current"))
G9: =IF(E9="","",IF(AND(E9<TODAY(),F9<>"Closed"),"EXPIRED","Current"))
G10: =IF(E10="","",IF(AND(E10<TODAY(),F10<>"Closed"),"EXPIRED","Current"))
G11: =IF(E11="","",IF(AND(E11<TODAY(),F11<>"Closed"),"EXPIRED","Current"))
G12: =IF(E12="","",IF(AND(E12<TODAY(),F12<>"Closed"),"EXPIRED","Current"))
G13: =IF(E13="","",IF(AND(E13<TODAY(),F13<>"Closed"),"EXPIRED","Current"))
... G121: =IF(E121="","",IF(AND(E121<TODAY(),F121<>"Closed"),"EXPIRED","Current"))

Sheet Third Parties
A1: Supplier ID | B1: Supplier Name | C1: Service | D1: Criticality | E1: Owner | F1: Assessment Date | G1: Assessment Status | H1: Next Review | X1: Cover | Y1: Index | Z1: Dashboard | AA1: Analytics

Sheet Privacy Governance
A1: Processing ID | B1: Processing Activity | C1: Data Category | D1: Purpose | E1: Owner | F1: Legal Review | G1: Retention | H1: Transfer Review | I1: Assessment Status | X1: Cover | Y1: Index | Z1: Dashboard | AA1: Analytics

Sheet Policies
A1: Policy ID | B1: Policy Name | C1: Owner | D1: Approved Date | E1: Next Review | F1: Status | X1: Cover | Y1: Index | Z1: Dashboard | AA1: Analytics

Sheet Incidents
A1: Incident ID | B1: Incident Description | C1: Severity | D1: Owner | E1: Opened Date | F1: Status | G1: Closure Date | H1: Lessons Learned | X1: Cover | Y1: Index | Z1: Dashboard | AA1: Analytics

Sheet Business Continuity
A1: Plan ID | B1: Critical Service | C1: Owner | D1: RTO Hours | E1: RPO Hours | F1: Last Test | G1: Next Test | H1: Status | X1: Cover | Y1: Index | Z1: Dashboard | AA1: Analytics

Sheet KPI Catalogue
A1: Metric ID | B1: Metric | C1: Definition | D1: Numerator | E1: Denominator | F1: Owner | G1: Frequency | H1: Target | X1: Cover | Y1: Index | Z1: Dashboard | AA1: Analytics

Sheet KPI Results
A1: Result ID | B1: Metric ID | C1: Reporting Period | D1: Numerator | E1: Denominator | F1: Result | G1: Quality Status | X1: Cover | Y1: Index | Z1: Dashboard | AA1: Analytics
F2: =IF(OR(D2="",E2="",E2=0),"",D2/E2)
F3: =IF(OR(D3="",E3="",E3=0),"",D3/E3)
F4: =IF(OR(D4="",E4="",E4=0),"",D4/E4)
F5: =IF(OR(D5="",E5="",E5=0),"",D5/E5)
F6: =IF(OR(D6="",E6="",E6=0),"",D6/E6)
F7: =IF(OR(D7="",E7="",E7=0),"",D7/E7)
F8: =IF(OR(D8="",E8="",E8=0),"",D8/E8)
F9: =IF(OR(D9="",E9="",E9=0),"",D9/E9)
F10: =IF(OR(D10="",E10="",E10=0),"",D10/E10)
F11: =IF(OR(D11="",E11="",E11=0),"",D11/E11)
F12: =IF(OR(D12="",E12="",E12=0),"",D12/E12)
F13: =IF(OR(D13="",E13="",E13=0),"",D13/E13)
... F121: =IF(OR(D121="",E121="",E121=0),"",D121/E121)

Sheet Crosswalk
A1: Mapping ID | B1: Source Control | C1: Target Control | D1: Mapping Type | E1: Rationale | F1: Reviewer | G1: Verification Date | H1: Confidence | X1: Cover | Y1: Index | Z1: Dashboard | AA1: Analytics

Sheet Regulatory Review Queue
A1: Review ID | B1: Source | C1: Official URL | D1: Owner | E1: Review Frequency | F1: Last Checked | G1: Next Review | H1: Verification Status | X1: Cover | Y1: Index | Z1: Dashboard | AA1: Analytics
A2: REV-001 | B2: NCA Publications | C2: https://nca.gov.sa | E2: Quarterly | H2: Pending
A3: REV-002 | B3: PDPL / SDAIA | C3: https://sdaia.gov.sa | E3: Quarterly | H3: Pending
A4: REV-003 | B4: SAMA | C4: https://www.sama.gov.sa | E4: Quarterly | H4: Pending
A5: REV-004 | B5: NIST CSF | C5: https://www.nist.gov/cyberframework | E5: Annual | H5: Pending

Sheet Risk History
A1: Snapshot ID | B1: Risk ID | C1: Snapshot Date | D1: Inherent Score | E1: Residual Score | F1: Reviewer | X1: Cover | Y1: Index | Z1: Dashboard | AA1: Analytics

Sheet Change Log
A1: Change ID | B1: Record Type | C1: Record ID | D1: Changed On | E1: Changed By | F1: Change Description | G1: Approval | X1: Cover | Y1: Index | Z1: Dashboard | AA1: Analytics

Sheet QA Results
A1: Test ID | B1: Test Description | C1: Expected | D1: Actual | E1: Status | F1: Notes | X1: Cover | Y1: Index | Z1: Dashboard | AA1: Analytics
A2: QA-01 | B2: Workbook generated | C2: File saved and re-opened | D2: File generation check | E2: NOT VERIFIED | F2: Set after export
A3: QA-02 | B3: Risk score formula | C3: Likelihood × impact | D3: Formula inserted | E3: PARTIAL | F3: Excel runtime recalculation not tested
A4: QA-03 | B4: Missing evidence | C4: No automatic compliance | D4: No automatic assessment results | E4: PASS | F4: By design: assessments require manual result
A5: QA-04 | B5: Regulatory sources | C5: Verified current versions | D5: Unverified source metadata | E5: NOT VERIFIED | F5: Official research not performed
A6: QA-05 | B6: Dropdown lists | C6: Valid selections | D6: Validation rules configured | E6: PARTIAL | F6: Needs Excel UI check
A7: QA-06 | B7: Dashboard coverage | C7: Accurate linked denominator | D7: Requires organization-specific control links | E7: PARTIAL | F7: Do not rely on coverage metric until control linkage configured
A8: QA-07 | B8: Audit log | C8: Tamper-evident tracking | D8: Manual log only | E8: PARTIAL | F8: Excel cannot guarantee immutable audit trail
A9: QA-08 | B9: Historical snapshots | C9: Retained history | D9: Risk History register provided | E9: PARTIAL | F9: Manual snapshots required

Sheet Executive Dashboard
A1: EXECUTIVE / GRC OVERVIEW | X1: Cover | Y1: Index | Z1: Dashboard | AA1: Analytics
A5: Registered controls | B5: =COUNTA('Control Library'!A2:A121) -> 0 | D5: IMPORTANT: This dashboard reports entered records only. Zero records ≠ verified compliance. Confirm organizational applicability and evidence.
A6: Applicable controls | B6: =COUNTIF('Control Library'!G2:G121,"Applicable") -> 0
A7: Assessed applicable controls | B7: =COUNTIFS('Control Library'!G2:G121,"Applicable",'Control Library'!A2:A121,"<>") -> 0
A8: Completed assessments | B8: =COUNTIF(Assessments!E2:E121,"Compliant")+COUNTIF(Assessments!E2:E121,"Partially Compliant")+COUNTIF(Assessments!E2:E121,"Non-Compliant") -> 0
A9: Compliant assessments | B9: =COUNTIF(Assessments!E2:E121,"Compliant") -> 0
A10: Compliance rate (assessed) | B10: =IF(B8=0,"N/A",B9/B8) -> N/A
A11: Open risks | B11: =COUNTA('Risk Register'!A2:A121) -> 0
A12: High / critical residual risks | B12: =COUNTIF('Risk Register'!K2:K121,"High")+COUNTIF('Risk Register'!K2:K121,"Critical") -> 0
A13: Overdue corrective actions | B13: =COUNTIF('Corrective Actions'!J2:J121,">0") -> 0
A14: Open audit findings | B14: =COUNTIF('Audit Findings'!I2:I121,"Open") -> 0
A15: Expired exceptions | B15: =COUNTIF('Compliance Exceptions'!G2:G121,"EXPIRED") -> 0
A16: Unverified regulatory sources | B16: =COUNTIF('Framework Library'!H2:H121,"Unverified") -> 8

Sheet Methodology
A1: METHOD / RULE | B1: POLICY | X1: Cover | Y1: Index | Z1: Dashboard | AA1: Analytics
A2: Risk model | B2: Likelihood × Impact, 1–5 each
A3: Low | B3: 1–4
A4: Moderate | B4: 5–9
A5: High | B5: 10–16
A6: Critical | B6: 17–25
A7: Threshold approval | B7: Illustrative only: obtain organizational approval
A8: Compliance numerator | B8: Compliant assessed applicable controls only
A9: Compliance denominator | B9: All assessed applicable controls; exclude Not Assessed, Not Applicable, Unable to Verify
A10: Assessment coverage | B10: Assessed applicable controls / total applicable controls
A11: Evidence rule | B11: Missing or unverified evidence never implies compliance
A12: Regulatory rule | B12: All sources unverified until checked by qualified reviewer

Sheet Framework Navigator
X1: Cover | Y1: Index | Z1: Dashboard | AA1: Analytics
B2: Framework Navigator
B6: CATEGORY | C6: FRAMEWORK / STANDARD | D6: PURPOSE | E6: APPLICABILITY | F6: VERIFICATION
B7: SAUDI / NCA | C7: Essential Cybersecurity Controls (ECC) | D7: Baseline cybersecurity controls | E7: Confirm organization scope | F7: Pending verification
B8: SAUDI / NCA | C8: Critical Systems Cybersecurity Controls (CSCC) | D8: Critical systems protection | E8: Only where applicable | F8: Pending verification
B9: SAUDI / NCA | C9: Cloud Cybersecurity Controls (CCC) | D9: Cloud security obligations | E9: Cloud roles / scope | F9: Pending verification
B10: SAUDI / PRIVACY | C10: Personal Data Protection Law (PDPL) | D10: Personal data governance | E10: Legal review required | F10: Pending verification
B11: SAUDI / FINANCIAL | C11: SAMA Cyber Security Framework | D11: Financial-sector cybersecurity | E11: Sector-specific | F11: Pending verification
B12: INTERNATIONAL / ISO | C12: ISO/IEC 27001 | D12: Information security management system | E12: Certification / contractual | F12: Check licensed edition
B13: INTERNATIONAL / NIST | C13: NIST CSF 2.0 | D13: Cybersecurity outcomes and governance | E13: Voluntary unless required | F13: Confirm source version
B14: INTERNATIONAL / CIS | C14: CIS Critical Security Controls | D14: Prioritized security safeguards | E14: Risk-based selection | F14: Confirm source version
B15: INTERNATIONAL / PAYMENT | C15: PCI DSS | D15: Payment card data security | E15: Only where applicable | F15: Confirm source version
B18: IMPORTANT / HOW TO USE
B20: 1. Determine which regulators and frameworks apply to your organization.
B21: 2. Verify current editions, legal scope and official sources before assessments.
B22: 3. Map obligations to controls using documented rationale; do not assume equivalence.
B23: 4. Record control assessments and evidence before reporting compliance.
B24: 5. Frameworks listed here are reference categories, not a claim of certification.

Sheet Compliance Analytics
A1: COMPLIANCE ANALYTICS | X1: Cover | Y1: Index | Z1: Dashboard | AA1: Analytics
A3: LIVE • Charts recalculate from source register entries in Excel
A5: Assessment outcomes
A6: Compliant | B6: =COUNTIF(Assessments!$E$2:$E$2000,A6) -> 0
A7: Partially Compliant | B7: =COUNTIF(Assessments!$E$2:$E$2000,A7) -> 0
A8: Non-Compliant | B8: =COUNTIF(Assessments!$E$2:$E$2000,A8) -> 0
A9: Not Assessed | B9: =COUNTIF(Assessments!$E$2:$E$2000,A9) -> 0
A10: Unable to Verify | B10: =COUNTIF(Assessments!$E$2:$E$2000,A10) -> 0
A11: Not Applicable | B11: =COUNTIF(Assessments!$E$2:$E$2000,A11) -> 0
A15: Evidence verification
A16: Verified | B16: =COUNTIF('Evidence Register'!$H$2:$H$2000,A16) -> 0
A17: Not Verified | B17: =COUNTIF('Evidence Register'!$H$2:$H$2000,A17) -> 0
A18: Pending Review | B18: =COUNTIF('Evidence Register'!$H$2:$H$2000,A18) -> 0
A19: Rejected | B19: =COUNTIF('Evidence Register'!$H$2:$H$2000,A19) -> 0
A25: Framework applicability
A26: Applicable | B26: =COUNTIF('Framework Library'!$G$2:$G$2000,A26) -> 0
A27: Not Applicable | B27: =COUNTIF('Framework Library'!$G$2:$G$2000,A27) -> 0
A28: Pending decision | B28: =COUNTIF('Framework Library'!$G$2:$G$2000,A28) -> 3
A35: Framework verification
A36: Verified | B36: =COUNTIF('Framework Library'!$H$2:$H$2000,A36) -> 0
A37: Unverified | B37: =COUNTIF('Framework Library'!$H$2:$H$2000,A37) -> 8
A38: Needs Review | B38: =COUNTIF('Framework Library'!$H$2:$H$2000,A38) -> 0

Sheet Risk Analytics
A1: RISK ANALYTICS | X1: Cover | Y1: Index | Z1: Dashboard | AA1: Analytics
A3: LIVE • Charts recalculate from source register entries in Excel
A5: Residual risk levels
A6: Low | B6: =COUNTIF('Risk Register'!$K$2:$K$2000,A6) -> 0
A7: Moderate | B7: =COUNTIF('Risk Register'!$K$2:$K$2000,A7) -> 0
A8: High | B8: =COUNTIF('Risk Register'!$K$2:$K$2000,A8) -> 0
A9: Critical | B9: =COUNTIF('Risk Register'!$K$2:$K$2000,A9) -> 0
A15: Risk categories
A16: Regulatory compliance | B16: =COUNTIF('Risk Register'!$C$2:$C$2000,A16) -> 0
A17: Privacy | B17: =COUNTIF('Risk Register'!$C$2:$C$2000,A17) -> 0
A18: Cloud security | B18: =COUNTIF('Risk Register'!$C$2:$C$2000,A18) -> 0
A19: Third-party risk | B19: =COUNTIF('Risk Register'!$C$2:$C$2000,A19) -> 0
A20: Identity and access management | B20: =COUNTIF('Risk Register'!$C$2:$C$2000,A20) -> 0
A21: Incident response | B21: =COUNTIF('Risk Register'!$C$2:$C$2000,A21) -> 0
A25: Treatment decisions
A26: Mitigate | B26: =COUNTIF('Risk Register'!$L$2:$L$2000,A26) -> 0
A27: Avoid | B27: =COUNTIF('Risk Register'!$L$2:$L$2000,A27) -> 0
A28: Transfer | B28: =COUNTIF('Risk Register'!$L$2:$L$2000,A28) -> 0
A29: Accept | B29: =COUNTIF('Risk Register'!$L$2:$L$2000,A29) -> 0
A35: Audit severity
A36: Low | B36: =COUNTIF('Audit Findings'!$F$2:$F$2000,A36) -> 0
A37: Moderate | B37: =COUNTIF('Audit Findings'!$F$2:$F$2000,A37) -> 0
A38: High | B38: =COUNTIF('Audit Findings'!$F$2:$F$2000,A38) -> 0
A39: Critical | B39: =COUNTIF('Audit Findings'!$F$2:$F$2000,A39) -> 0

Sheet Operations Analytics
A1: OPERATIONS ANALYTICS | X1: Cover | Y1: Index | Z1: Dashboard | AA1: Analytics
A3: LIVE • Charts recalculate from source register entries in Excel
A5: Corrective action status
A6: Not Started | B6: =COUNTIF('Corrective Actions'!$G$2:$G$2000,A6) -> 0
A7: In Progress | B7: =COUNTIF('Corrective Actions'!$G$2:$G$2000,A7) -> 0
A8: Completed | B8: =COUNTIF('Corrective Actions'!$G$2:$G$2000,A8) -> 0
A9: Closed | B9: =COUNTIF('Corrective Actions'!$G$2:$G$2000,A9) -> 0
A10: Overdue | B10: =COUNTIF('Corrective Actions'!$G$2:$G$2000,A10) -> 0
A15: Audit finding status
A16: Open | B16: =COUNTIF('Audit Findings'!$I$2:$I$2000,A16) -> 0
A17: In Progress | B17: =COUNTIF('Audit Findings'!$I$2:$I$2000,A17) -> 0
A18: Pending Validation | B18: =COUNTIF('Audit Findings'!$I$2:$I$2000,A18) -> 0
A19: Closed | B19: =COUNTIF('Audit Findings'!$I$2:$I$2000,A19) -> 0
A25: Supplier criticality
A26: Low | B26: =COUNTIF('Third Parties'!$D$2:$D$2000,A26) -> 0
A27: Medium | B27: =COUNTIF('Third Parties'!$D$2:$D$2000,A27) -> 0
A28: High | B28: =COUNTIF('Third Parties'!$D$2:$D$2000,A28) -> 0
A29: Critical | B29: =COUNTIF('Third Parties'!$D$2:$D$2000,A29) -> 0
A35: Supplier assessments
A36: Not Assessed | B36: =COUNTIF('Third Parties'!$G$2:$G$2000,A36) -> 0
A37: In Progress | B37: =COUNTIF('Third Parties'!$G$2:$G$2000,A37) -> 0
A38: Completed | B38: =COUNTIF('Third Parties'!$G$2:$G$2000,A38) -> 0
A39: Overdue | B39: =COUNTIF('Third Parties'!$G$2:$G$2000,A39) -> 0

Sheet Live KPI Overview
A1: GRC / LIVE INTELLIGENCE | X1: Cover | Y1: Index | Z1: Dashboard | AA1: Analytics
A4: METRIC | B4: LIVE VALUE
A5: Total assessments | B5: =COUNTA(Assessments!A2:A2000) -> 0
A6: Compliant assessments | B6: =COUNTIF(Assessments!E2:E2000,"Compliant") -> 0
A7: Assessment coverage* | B7: =IFERROR(COUNTIF(Assessments!E2:E2000,"Compliant")/COUNTA(Assessments!A2:A2000),0) -> 0
A8: Registered risks | B8: =COUNTA('Risk Register'!A2:A2000) -> 0
A9: Critical residual risks | B9: =COUNTIF('Risk Register'!K2:K2000,"Critical") -> 0
A10: Open audit findings | B10: =COUNTIF('Audit Findings'!I2:I2000,"Open") -> 0
A11: Overdue corrective actions | B11: =COUNTIFS('Corrective Actions'!F2:F2000,"<"&TODAY(),'Corrective Actions'!F2:F2000,">0",'Corrective Actions'!G2:G2000,"<>Closed") -> 0
A12: Evidence pending verification | B12: =COUNTIF('Evidence Register'!H2:H2000,"Not Verified") -> 0
A13: Supplier records | B13: =COUNTA('Third Parties'!A2:A2000) -> 0
A17: * Share of assessment records marked Compliant; not full control coverage.
